PERMNO,date,NAMEENDT,SHRCD,EXCHCD,SICCD,NCUSIP,TICKER,COMNAM,SHRCLS,TSYMBOL,NAICS,PRIMEXCH,TRDSTAT,SECSTAT,PERMCO,ISSUNO,HEXCD,HSICCD,CUSIP,DCLRDT,DLAMT,DLPDT,DLSTCD,NEXTDT,PAYDT,RCRDDT,SHRFLG,HSICMG,HSICIG,DISTCD,DIVAMT,FACPR,FACSHR,ACPERM,ACCOMP,SHRENDDT,NWPERM,DLRETX,DLPRC,DLRET,TRTSCD,NMSIND,MMCNT,NSDINX,BIDLO,ASKHI,PRC,VOL,RET,BID,ASK,SHROUT,CFACPR,CFACSHR,ALTPRC,SPREAD,ALTPRCDT,RETX,vwretd,vwretx,ewretd,ewretx,sprtrn
84788,20070131,,11,3,7370,02313510,AMZN,AMAZON COM INC,,AMZN,454110,Q,A,R,15473,20733,3,7370,02313510,,,,,,,,0,,,,,,,,,,,,,,1,6,74,17,36.43000,38.90000,37.67000,1306299,-0.045362,37.68000,37.68000,414000,1,1,37.67000,,20070131,-0.045362,0.019397,0.018461,0.022283,0.021357,0.014059
84788,20070228,,11,3,7370,02313510,AMZN,AMAZON COM INC,,AMZN,454110,Q,A,R,15473,20733,3,7370,02313510,,,,,,,,0,,,,,,,,,20070329,,,,,1,6,76,17,37.16000,41.51000,39.14000,1590461,0.039023,39.19000,39.21000,414679,1,1,39.14000,,20070228,0.039023,-0.013988,-0.015979,0.002111,0.000857,-0.021846
84788,20070330,,11,3,7370,02313510,AMZN,AMAZON COM INC,,AMZN,454110,Q,A,R,15473,20733,3,7370,02313510,,,,,,,,0,,,,,,,,,20070416,,,,,1,6,76,17,37.05000,39.81000,39.79000,1422737,0.016607,39.77000,39.79000,409000,1,1,39.79000,,20070330,0.016607,0.012950,0.011475,0.006545,0.004805,0.009980
84788,20070430,,11,3,7370,02313510,AMZN,AMAZON COM INC,,AMZN,454110,Q,A,R,15473,20733,3,7370,02313510,,,,,,,,0,,,,,,,,,20070628,,,,,1,6,75,17,40.42000,62.78100,61.33000,3494841,0.541342,61.29000,61.34000,409698,1,1,61.33000,,20070430,0.541342,0.039815,0.038449,0.027044,0.025768,0.043291
84788,20070531,,11,3,7370,02313510,AMZN,AMAZON COM INC,,AMZN,454110,Q,A,R,15473,20733,3,7370,02313510,,,,,,,,0,,,,,,,,,,,,,,1,6,74,17,60.58000,69.86000,69.14000,3176083,0.127344,69.09000,69.14000,409698,1,1,69.14000,,20070531,0.127344,0.038932,0.036643,0.023123,0.021362,0.032549
84788,20070629,,11,3,7370,02313510,AMZN,AMAZON COM INC,,AMZN,454110,Q,A,R,15473,20733,3,7370,02313510,,,,,,,,0,,,,,,,,,20070718,,,,,1,6,73,17,67.48000,73.65000,68.41000,2398896,-0.010558,68.41000,68.44000,413000,1,1,68.41000,,20070629,-0.010558,-0.014765,-0.016128,-0.007907,-0.009857,-0.017816
84788,20070731,,11,3,7370,02313510,AMZN,AMAZON COM INC,,AMZN,454110,Q,A,R,15473,20733,3,7370,02313510,,,,,,,,0,,,,,,,,,20070927,,,,,1,6,76,17,68.73000,86.17990,78.54000,2662588,0.148078,78.49000,78.55000,413399,1,1,78.54000,,20070731,0.148078,-0.031760,-0.032764,-0.043537,-0.044642,-0.031982
84788,20070831,,11,3,7370,02313510,AMZN,AMAZON COM INC,,AMZN,454110,Q,A,R,15473,20733,3,7370,02313510,,,,,,,,0,,,,,,,,,,,,,,1,6,74,17,72.38000,79.91000,79.91000,1758104,0.017443,79.79000,79.87000,413399,1,1,79.91000,,20070831,0.017443,0.011630,0.009677,-0.011712,-0.013287,0.012864
84788,20070928,,11,3,7370,02313510,AMZN,AMAZON COM INC,,AMZN,454110,Q,A,R,15473,20733,3,7370,02313510,,,,,,,,0,,,,,,,,,20071016,,,,,1,6,72,17,82.70000,93.47990,93.15000,1223074,0.165686,93.15000,93.16000,415000,1,1,93.15000,,20070928,0.165686,0.040842,0.039325,0.025364,0.023661,0.035794
84788,20071031,,11,3,7370,02313510,AMZN,AMAZON COM INC,,AMZN,454110,Q,A,R,15473,20733,3,7370,02313510,,,,,,,,0,,,,,,,,,20071230,,,,,1,6,73,1,88.21000,100.82000,89.15000,2317527,-0.042941,89.08000,89.15000,415177,1,1,89.15000,,20071031,-0.042941,0.025796,0.024655,0.017406,0.016144,0.014822
84788,20071130,,11,3,7370,02313510,AMZN,AMAZON COM INC,,AMZN,454110,Q,A,R,15473,20733,3,7370,02313510,,,,,,,,0,,,,,,,,,,,,,,1,6,71,72,77.00000,90.56000,90.56000,1807344,0.015816,90.48000,90.54000,415177,1,1,90.56000,,20071130,0.015816,-0.049327,-0.051276,-0.076617,-0.078118,-0.044043
84788,20071231,,11,3,7370,02313510,AMZN,AMAZON COM INC,,AMZN,454110,Q,A,R,15473,20733,3,7370,02313510,,,,,,,,0,,,,,,,,,20080131,,,,,1,6,70,72,85.09000,94.45000,92.64000,1267112,0.022968,92.64000,92.75000,416000,1,1,92.64000,,20071231,0.022968,-0.004423,-0.006511,-0.010989,-0.014282,-0.008628
84788,20080131,,11,3,7370,02313510,AMZN,AMAZON COM INC,,AMZN,454110,Q,A,R,15473,20733,3,7370,02313510,,,,,,,,0,,,,,,,,,,,,,,1,6,69,72,73.95000,96.25000,77.70000,2887044,-0.161269,77.58000,77.63000,416000,1,1,77.70000,,20080131,-0.161269,-0.062138,-0.063243,-0.045066,-0.046160,-0.061163
84788,20080229,,11,3,7370,02313510,AMZN,AMAZON COM INC,,AMZN,454110,Q,A,R,15473,20733,3,7370,02313510,,,,,,,,0,,,,,,,,,20080330,,,,,1,6,70,72,64.47000,77.73000,64.47000,2112514,-0.170270,64.51000,64.55000,417212,1,1,64.47000,,20080229,-0.170270,-0.021663,-0.023605,-0.021401,-0.022916,-0.034761
84788,20080331,,11,3,7370,02313510,AMZN,AMAZON COM INC,,AMZN,454110,Q,A,R,15473,20733,3,7370,02313510,,,,,,,,0,,,,,,,,,20080417,,,,,1,6,71,72,62.43000,75.95000,71.30000,1932182,0.105941,71.30000,71.31000,417000,1,1,71.30000,,20080331,0.105941,-0.010421,-0.012160,-0.025309,-0.027567,-0.005960
84788,20080430,,11,3,7370,02313510,AMZN,AMAZON COM INC,,AMZN,454110,Q,A,R,15473,20733,3,7370,02313510,,,,,,,,0,,,,,,,,,20080629,,,,,1,6,69,72,71.99000,81.97000,78.63000,1979034,0.102805,78.66000,78.76000,417680,1,1,78.63000,,20080430,0.102805,0.051060,0.049736,0.031907,0.030490,0.047547
84788,20080530,,11,3,7370,02313510,AMZN,AMAZON COM INC,,AMZN,454110,Q,A,R,15473,20733,3,7370,02313510,,,,,,,,0,,,,,,,,,,,,,,1,6,67,72,72.41000,82.29000,81.62000,1529391,0.038026,81.53000,81.61000,417680,1,1,81.62000,,20080530,0.038026,0.023808,0.021494,0.031787,0.029774,0.010674
84788,20080630,,11,3,7370,02313510,AMZN,AMAZON COM INC,,AMZN,454110,Q,A,R,15473,20733,3,7370,02313510,,,,,,,,0,,,,,,,,,20080716,,,,,1,6,68,72,73.33000,84.51000,73.33000,1533312,-0.101568,73.26000,73.31000,426000,1,1,73.33000,,20080630,-0.101568,-0.078426,-0.080241,-0.086631,-0.088751,-0.085962
84788,20080731,,11,3,7370,02313510,AMZN,AMAZON COM INC,,AMZN,454110,Q,A,R,15473,20733,3,7370,02313510,,,,,,,,0,,,,,,,,,20080929,,,,,1,6,69,72,66.28000,78.72000,76.34000,2158736,0.041047,76.34000,76.38000,425921,1,1,76.34000,,20080731,0.041047,-0.013341,-0.014690,-0.001295,-0.002657,-0.009859
84788,20080829,,11,3,7370,02313510,AMZN,AMAZON COM INC,,AMZN,454110,Q,A,R,15473,20733,3,7370,02313510,,,,,,,,0,,,,,,,,,,,,,,1,6,68,72,75.71000,88.09000,80.81000,1491269,0.058554,80.81000,80.88000,425921,1,1,80.81000,,20080829,0.058554,0.010566,0.008576,0.013023,0.011122,0.012191
84788,20080930,,11,3,7370,02313510,AMZN,AMAZON COM INC,,AMZN,454110,Q,A,R,15473,20733,3,7370,02313510,,,,,,,,0,,,,,,,,,20081015,,,,,1,6,68,72,63.35000,81.41000,72.76000,1925654,-0.099616,72.74000,72.76000,429000,1,1,72.76000,,20080930,-0.099616,-0.097980,-0.099770,-0.120091,-0.122188,-0.090791
84788,20081031,,11,3,7370,02313510,AMZN,AMAZON COM INC,,AMZN,454110,Q,A,R,15473,20733,3,7370,02313510,,,,,,,,0,,,,,,,,,20081230,,,,,1,6,67,72,48.72000,69.58000,57.24000,3321823,-0.213304,57.23000,57.24000,428832,1,1,57.24000,,20081031,-0.213304,-0.184648,-0.186136,-0.205222,-0.206835,-0.169425
84788,20081128,,11,3,7370,02313510,AMZN,AMAZON COM INC,,AMZN,454110,Q,A,R,15473,20733,3,7370,02313510,,,,,,,,0,,,,,,,,,,,,,,1,6,65,72,35.03000,58.45000,42.70000,2284628,-0.254018,42.63000,42.66000,428832,1,1,42.70000,,20081128,-0.254018,-0.084615,-0.087354,-0.130320,-0.132591,-0.074849
84788,20081231,,11,3,7370,02313510,AMZN,AMAZON COM INC,,AMZN,454110,Q,A,R,15473,20733,3,7370,02313510,,,,,,,,0,,,,,,,,,20090121,,,,,1,6,68,72,40.47000,53.18000,51.28000,2076171,0.200937,51.22000,51.32000,428000,1,1,51.28000,,20081231,0.200937,0.022154,0.019087,0.042176,0.037024,0.007822
84788,20090130,,11,3,7370,02313510,AMZN,AMAZON COM INC,,AMZN,454110,Q,A,R,15473,20733,3,7370,02313510,,,,,,,,0,,,,,,,,,20090226,,,,,1,6,72,72,48.44000,58.82000,58.82000,2057604,0.147036,58.82000,58.83000,428583,1,1,58.82000,,20090130,0.147036,-0.077315,-0.078709,-0.024042,-0.025384,-0.085657
84788,20090227,,11,3,7370,02313510,AMZN,AMAZON COM INC,,AMZN,454110,Q,A,R,15473,20733,3,7370,02313510,,,,,,,,0,,,,,,,,,20090330,,,,,1,6,71,72,61.06000,66.71000,64.79000,1925776,0.101496,64.56000,64.75000,429120,1,1,64.79000,,20090227,0.101496,-0.100271,-0.103457,-0.107667,-0.109769,-0.109931
84788,20090331,,11,3,7370,02313510,AMZN,AMAZON COM INC,,AMZN,454110,Q,A,R,15473,20733,3,7370,02313510,,,,,,,,0,,,,,,,,,20090416,,,,,1,6,69,72,60.49000,75.58000,73.44000,2347823,0.133508,73.41000,73.43000,429000,1,1,73.44000,,20090331,0.133508,0.086748,0.083489,0.107474,0.104391,0.085405
84788,20090430,,11,3,7370,02313510,AMZN,AMAZON COM INC,,AMZN,454110,Q,A,R,15473,20733,3,7370,02313510,,,,,,,,0,,,,,,,,,20090629,,,,,1,6,69,72,73.50000,84.46000,80.52000,1913170,0.096405,80.50000,80.52000,429648,1,1,80.52000,,20090430,0.096405,0.109352,0.107516,0.192762,0.190929,0.093925
84788,20090529,,11,3,7370,02313510,AMZN,AMAZON COM INC,,AMZN,454110,Q,A,R,15473,20733,3,7370,02313510,,,,,,,,0,,,,,,,,,,,,,,1,6,69,72,73.60000,81.99000,77.99000,1428518,-0.031421,77.82000,77.99000,429648,1,1,77.99000,,20090529,-0.031421,0.067774,0.065124,0.102330,0.100210,0.053081
84788,20090630,,11,3,7370,02313510,AMZN,AMAZON COM INC,,AMZN,454110,Q,A,R,15473,20733,3,7370,02313510,,,,,,,,0,,,,,,,,,20090716,,,,,1,6,69,72,77.68000,87.56000,83.66000,1572317,0.072702,83.70000,83.71000,432000,1,1,83.66000,,20090630,0.072702,-0.003099,-0.005042,0.023921,0.021352,0.000196
84788,20090731,,11,3,7370,02313510,AMZN,AMAZON COM INC,,AMZN,454110,Q,A,R,15473,20733,3,7370,02313510,,,,,,,,0,,,,,,,,,20090929,,,,,1,6,69,72,75.63000,93.87000,85.76000,1811170,0.025102,85.77000,85.83000,431807,1,1,85.76000,,20090731,0.025102,0.081752,0.080331,0.085217,0.083763,0.074142
84788,20090831,,11,3,7370,02313510,AMZN,AMAZON COM INC,,AMZN,454110,Q,A,R,15473,20733,3,7370,02313510,,,,,,,,,,,,,,,,,,,,,,,,,,81.06000,87.44000,81.19000,1175405,-0.053288,81.19000,81.23000,431807,1,1,81.19000,,20090831,-0.053288,0.031469,0.029310,0.056864,0.055310,0.033560
84788,20090930,,11,3,7370,02313510,AMZN,AMAZON COM INC,,AMZN,454110,Q,A,R,15473,20733,3,7370,02313510,,,,,,,,0,,,,,,,,,20091018,,,,,1,6,70,72,78.14000,93.75000,93.36000,1335885,0.149895,93.19000,93.37000,433000,1,1,93.36000,,20090930,0.149895,0.045216,0.043576,0.071255,0.069383,0.035723
84788,20091030,,11,3,7370,02313510,AMZN,AMAZON COM INC,,AMZN,454110,Q,A,R,15473,20733,3,7370,02313510,,,,,,,,0,,,,,,,,,20091230,,,,,1,6,69,72,88.67000,124.63990,118.81000,2762898,0.272601,118.78000,118.84000,432983,1,1,118.81000,,20091030,0.272601,-0.027971,-0.029227,-0.050612,-0.051739,-0.019762
84788,20091130,,11,3,7370,02313510,AMZN,AMAZON COM INC,,AMZN,454110,Q,A,R,15473,20733,3,7370,02313510,,,,,,,,0,,,,,,,,,,,,,,1,6,71,72,117.10000,135.91000,135.91000,1664104,0.143927,135.89999,135.91000,432983,1,1,135.91000,,20091130,0.143927,0.057117,0.054661,0.028476,0.026485,0.057364
84788,20091231,,11,3,7370,02313510,AMZN,AMAZON COM INC,,AMZN,454110,Q,A,R,15473,20733,3,7370,02313510,,,,,,,,0,,,,,,,,,20100121,,,,,1,6,70,72,126.91000,142.25000,134.52000,2141367,-0.010227,134.52000,134.64000,444000,1,1,134.52000,,20091231,-0.010227,0.028430,0.026404,0.055001,0.051972,0.017771
84788,20100129,,11,3,7370,02313510,AMZN,AMAZON COM INC,,AMZN,454110,Q,A,R,15473,20733,3,7370,02313510,,,,,,,,0,,,,,,,,,20100224,,,,,1,6,70,72,119.48000,134.69000,125.41000,2379285,-0.067722,125.25000,125.32000,444546,1,1,125.41000,,20100129,-0.067722,-0.037098,-0.038111,-0.011388,-0.012292,-0.036974
84788,20100226,,11,3,7370,02313510,AMZN,AMAZON COM INC,,AMZN,454110,Q,A,R,15473,20733,3,7370,02313510,,,,,,,,0,,,,,,,,,20100330,,,,,1,6,68,72,115.94000,120.09000,118.40000,2155519,-0.055897,118.27000,118.37000,445226,1,1,118.40000,,20100226,-0.055897,0.034786,0.032700,0.033603,0.032232,0.028514
84788,20100331,,11,3,7370,02313510,AMZN,AMAZON COM INC,,AMZN,454110,Q,A,R,15473,20733,3,7370,02313510,,,,,,,,0,,,,,,,,,20100415,,,,,1,6,67,72,124.54000,136.57899,135.77000,1631461,0.146706,135.73000,135.78999,446000,1,1,135.77000,,20100331,0.146706,0.063626,0.061940,0.069289,0.067252,0.058796
84788,20100430,,11,3,7370,02313510,AMZN,AMAZON COM INC,,AMZN,454110,Q,A,R,15473,20733,3,7370,02313510,,,,,,,,0,,,,,,,,,20100629,,,,,1,6,68,72,131.49001,150.09000,137.10001,1789496,0.009796,137.11000,137.12000,445672,1,1,137.10001,,20100430,0.009796,0.020063,0.018950,0.057843,0.056698,0.014759
84788,20100528,,11,3,7370,02313510,AMZN,AMAZON COM INC,,AMZN,454110,Q,A,R,15473,20733,3,7370,02313510,,,,,,,,0,,,,,,,,,,,,,,1,6,69,72,119.71000,137.49001,125.46000,1464113,-0.084902,125.26000,125.46000,445672,1,1,125.46000,,20100528,-0.084902,-0.079163,-0.081251,-0.076929,-0.078435,-0.081976
84788,20100630,,11,3,7370,02313510,AMZN,AMAZON COM INC,,AMZN,454110,Q,A,R,15473,20733,3,7370,02313510,,,,,,,,0,,,,,,,,,20100714,,,,,1,6,70,72,108.61000,128.75999,109.26000,1389985,-0.129125,109.26000,109.34000,448000,1,1,109.26000,,20100630,-0.129125,-0.050745,-0.052485,-0.056799,-0.058868,-0.053882
84788,20100730,,11,3,7370,02313510,AMZN,AMAZON COM INC,,AMZN,454110,Q,A,R,15473,20733,3,7370,02313510,,,,,,,,0,,,,,,,,,20100929,,,,,1,6,71,72,109.14000,123.65000,117.89000,1811887,0.078986,117.89000,117.97000,447825,1,1,117.89000,,20100730,0.078986,0.070309,0.068611,0.059940,0.058682,0.068778
84788,20100831,,11,3,7370,02313510,AMZN,AMAZON COM INC,,AMZN,454110,Q,A,R,15473,20733,3,7370,02313510,,,,,,,,,,,,,,,,,,,,,,,,,,120.07000,130.00000,124.83000,1181509,0.058868,124.86000,124.87000,447825,1,1,124.83000,,20100831,0.058868,-0.042844,-0.044969,-0.047566,-0.049083,-0.047449
84788,20100930,,11,3,7370,02313510,AMZN,AMAZON COM INC,,AMZN,454110,Q,A,R,15473,20733,3,7370,02313510,,,,,,,,0,,,,,,,,,20101013,,,,,1,6,72,72,132.49001,160.73000,157.06000,1397664,0.258191,157.03999,157.06000,449000,1,1,157.06000,,20100930,0.258191,0.091547,0.089664,0.096418,0.094485,0.087551
84788,20101029,,11,3,7370,02313510,AMZN,AMAZON COM INC,,AMZN,454110,Q,A,R,15473,20733,3,7370,02313510,,,,,,,,0,,,,,,,,,20101230,,,,,1,6,73,72,153.03000,169.95000,165.23000,1492499,0.052018,165.14999,165.16000,448837,1,1,165.23000,,20101029,0.052018,0.038512,0.036990,0.040681,0.039488,0.036856
84788,20101130,,11,3,7370,02313510,AMZN,AMAZON COM INC,,AMZN,454110,Q,A,R,15473,20733,3,7370,02313510,,,,,,,,0,,,,,,,,,,,,,,1,6,71,72,157.78000,179.49001,175.39999,1372950,0.061551,175.39999,175.46001,448837,1,1,175.39999,,20101130,0.061551,0.005125,0.002925,0.010736,0.008972,-0.002290
84788,20101231,,11,3,7370,02313510,AMZN,AMAZON COM INC,,AMZN,454110,Q,A,R,15473,20733,3,7370,02313510,,,,,,,,0,,,,,,,,,20110118,,,,,1,6,68,72,173.94000,184.75999,180.00000,983320,0.026226,179.91000,180.00999,451000,1,1,180.00000,,20101231,0.026226,0.067205,0.064873,0.068851,0.065469,0.065300
84788,20110131,,11,3,7370,02313510,AMZN,AMAZON COM INC,,AMZN,454110,Q,A,R,15473,20733,3,7370,02313510,,,,,,,,0,,,,,,,,,20110224,,,,,1,6,70,72,169.64000,191.25000,169.64000,1192172,-0.057556,169.64000,169.72000,451004,1,1,169.64000,,20110131,-0.057556,0.019137,0.018182,0.014412,0.013611,0.022646
84788,20110228,,11,3,7370,02313510,AMZN,AMAZON COM INC,,AMZN,454110,Q,A,R,15473,20733,3,7370,02313510,,,,,,,,0,,,,,,,,,20110330,,,,,1,6,69,1,172.11000,190.42000,173.28999,1013798,0.021516,173.24001,173.28000,451616,1,1,173.28999,,20110228,0.021516,0.038175,0.036243,0.037036,0.035725,0.031957
84788,20110331,,11,3,7370,02313510,AMZN,AMAZON COM INC,,AMZN,454110,Q,A,R,15473,20733,3,7370,02313510,,,,,,,,0,,,,,,,,,20110418,,,,,1,6,70,55,160.97000,180.13000,180.13000,1263632,0.039471,180.13000,180.14000,452000,1,1,180.13000,,20110331,0.039471,0.003353,0.001768,0.008605,0.006786,-0.001047
84788,20110429,,11,3,7370,02313510,AMZN,AMAZON COM INC,,AMZN,454110,Q,A,R,15473,20733,3,7370,02313510,,,,,,,,0,,,,,,,,,20110629,,,,,1,6,70,55,178.34000,196.63000,195.81000,1223903,0.087048,196.39999,196.41000,452043,1,1,195.81000,,20110429,0.087048,0.028667,0.027552,0.019203,0.018109,0.028495
84788,20110531,,11,3,7370,02313510,AMZN,AMAZON COM INC,,AMZN,454110,Q,A,R,15473,20733,3,7370,02313510,,,,,,,,0,,,,,,,,,,,,,,1,6,71,55,192.25999,206.07001,196.69000,1142393,0.004494,196.67999,196.69000,452043,1,1,196.69000,,20110531,0.004494,-0.014900,-0.016907,-0.018549,-0.020191,-0.013501
84788,20110630,,11,3,7370,02313510,AMZN,AMAZON COM INC,,AMZN,454110,Q,A,R,15473,20733,3,7370,02313510,,,,,,,,0,,,,,,,,,20110714,,,,,1,6,69,55,183.64999,204.49001,204.49001,1030579,0.039656,204.44000,204.49001,454000,1,1,204.49001,,20110630,0.039656,-0.018388,-0.020153,-0.024106,-0.026251,-0.018258
84788,20110729,,11,3,7370,02313510,AMZN,AMAZON COM INC,,AMZN,454110,Q,A,R,15473,20733,3,7370,02313510,,,,,,,,0,,,,,,,,,20110929,,,,,1,6,70,55,209.49001,223.89999,222.52000,987787,0.088171,222.52000,222.53000,453935,1,1,222.52000,,20110729,0.088171,-0.022524,-0.023665,-0.021813,-0.022838,-0.021474
84788,20110831,,11,3,7370,02313510,AMZN,AMAZON COM INC,,AMZN,454110,Q,A,R,15473,20733,3,7370,02313510,,,,,,,,0,,,,,,,,,,,,,,1,6,71,55,177.53999,221.32001,215.23000,1638523,-0.032761,215.14999,215.28999,453935,1,1,215.23000,,20110831,-0.032761,-0.057498,-0.059638,-0.075715,-0.077329,-0.056791
84788,20110930,,11,3,7370,02313510,AMZN,AMAZON COM INC,,AMZN,454110,Q,A,R,15473,20733,3,7370,02313510,,,,,,,,0,,,,,,,,,20111013,,,,,1,6,68,55,210.00000,241.69000,216.23000,1505178,0.004646,216.13000,216.23000,455000,1,1,216.23000,,20110930,0.004646,-0.084863,-0.086554,-0.100920,-0.102888,-0.071762
84788,20111031,,11,3,7370,02313510,AMZN,AMAZON COM INC,,AMZN,454110,Q,A,R,15473,20733,3,7370,02313510,,,,,,,,0,,,,,,,,,20111229,,,,,1,6,70,55,198.39999,246.71001,213.50999,1676436,-0.012579,213.50000,213.50999,454754,1,1,213.50999,,20111031,-0.012579,0.114030,0.112619,0.107697,0.106575,0.107723
84788,20111130,,11,3,7370,02313510,AMZN,AMAZON COM INC,,AMZN,454110,Q,A,R,15473,20733,3,7370,02313510,,,,,,,,0,,,,,,,,,,,,,,1,6,71,55,182.39900,218.92999,192.28999,1433889,-0.099386,192.28000,192.28999,454754,1,1,192.28999,,20111130,-0.099386,-0.006207,-0.008875,-0.020645,-0.022480,-0.005059
84788,20111230,,11,3,7370,02313510,AMZN,AMAZON COM INC,,AMZN,454110,Q,A,R,15473,20733,3,7370,02313510,,,,,,,,0,,,,,,,,,20120118,,,,,1,6,70,55,173.10001,197.13000,173.10001,1317124,-0.099797,173.14999,173.16000,455000,1,1,173.10001,,20111230,-0.099797,0.003696,0.001449,-0.003561,-0.007020,0.008533
84788,20120131,,11,3,7370,02313510,AMZN,AMAZON COM INC,,AMZN,454110,Q,A,R,15473,20733,3,7370,02313510,,,,,,,,0,,,,,,,,,20120216,,,,,1,6,70,55,175.92999,195.37000,194.44000,1160907,0.123281,194.50999,194.62000,455068,1,1,194.44000,,20120131,0.123281,0.054095,0.052947,0.085342,0.084432,0.043583
84788,20120229,,11,3,7370,02313510,AMZN,AMAZON COM INC,,AMZN,454110,Q,A,R,15473,20733,3,7370,02313510,,,,,,,,0,,,,,,,,,20120329,,,,,1,6,70,55,178.53000,191.59000,179.69000,1524481,-0.075859,179.57001,179.67000,451592,1,1,179.69000,,20120229,-0.075859,0.041239,0.038967,0.036494,0.035003,0.040589
84788,20120330,,11,3,7370,02313510,AMZN,AMAZON COM INC,,AMZN,454110,Q,A,R,15473,20733,3,7370,02313510,,,,,,,,0,,,,,,,,,20120412,,,,,1,6,69,55,179.30000,205.44000,202.50999,1192559,0.126996,202.52000,202.64999,450000,1,1,202.50999,,20120330,0.126996,0.024004,0.022120,0.017608,0.015303,0.031332
84788,20120430,,11,3,7370,02313510,AMZN,AMAZON COM INC,,AMZN,454110,Q,A,R,15473,20733,3,7370,02313510,,,,,,,,0,,,,,,,,,20120628,,,,,1,6,70,55,185.50000,231.89999,231.89999,1167696,0.145129,231.89999,231.91000,450526,1,1,231.89999,,20120430,0.145129,-0.006806,-0.008024,-0.009106,-0.010235,-0.007497
84788,20120531,,11,3,7370,02313510,AMZN,AMAZON COM INC,,AMZN,454110,Q,A,R,15473,20733,3,7370,02313510,,,,,,,,0,,,,,,,,,,,,,,1,6,69,55,209.23000,230.25000,212.91000,978741,-0.081889,212.75000,212.89000,450526,1,1,212.91000,,20120531,-0.081889,-0.065574,-0.067986,-0.068434,-0.070404,-0.062651
84788,20120629,,11,3,7370,02313510,AMZN,AMAZON COM INC,,AMZN,454110,Q,A,R,15473,20733,3,7370,02313510,,,,,,,,0,,,,,,,,,20120712,,,,,1,6,68,55,208.22000,228.35001,228.35001,694167,0.072519,228.34000,228.35001,452000,1,1,228.35001,,20120629,0.072519,0.038189,0.036089,0.034188,0.031622,0.039555
84788,20120731,,11,3,7370,02313510,AMZN,AMAZON COM INC,,AMZN,454110,Q,A,R,15473,20733,3,7370,02313510,,,,,,,,0,,,,,,,,,20120927,,,,,1,6,66,55,215.36000,237.32001,233.30000,811847,0.021677,233.25000,233.25999,452065,1,1,233.30000,,20120731,0.021677,0.010284,0.009031,-0.003281,-0.004484,0.012598
84788,20120831,,11,3,7370,02313510,AMZN,AMAZON COM INC,,AMZN,454110,Q,A,R,15473,20733,3,7370,02313510,,,,,,,,0,,,,,,,,,,,,,,1,6,65,55,230.81000,248.27000,248.27000,632852,0.064166,248.23000,248.28999,452065,1,1,248.27000,,20120831,0.064166,0.026278,0.023678,0.024820,0.022964,0.019763
84788,20120928,,11,3,7370,02313510,AMZN,AMAZON COM INC,,AMZN,454110,Q,A,R,15473,20733,3,7370,02313510,,,,,,,,0,,,,,,,,,20121011,,,,,1,6,66,55,246.22000,261.67999,254.32001,669884,0.024369,254.32001,254.49001,453000,1,1,254.32001,,20120928,0.024369,0.026554,0.024613,0.034925,0.032690,0.024236
84788,20121031,,11,3,7370,02313510,AMZN,AMAZON COM INC,,AMZN,454110,Q,A,R,15473,20733,3,7370,02313510,,,,,,,,0,,,,,,,,,20121230,,,,,1,6,63,55,222.92000,260.47000,232.89310,854023,-0.084252,233.00999,233.08000,452959,1,1,232.89310,,20121031,-0.084252,-0.014104,-0.015553,-0.013477,-0.014781,-0.019789
84788,20121130,,11,3,7370,02313510,AMZN,AMAZON COM INC,,AMZN,454110,Q,A,R,15473,20733,3,7370,02313510,,,,,,,,0,,,,,,,,,,,,,,1,6,64,55,220.59900,252.05000,252.05000,648892,0.082256,251.92000,252.05000,452959,1,1,252.05000,,20121130,0.082256,0.006192,0.002951,0.002790,0.000142,0.002847
84788,20121231,,11,3,7370,02313510,AMZN,AMAZON COM INC,,AMZN,454110,Q,A,R,15473,20733,3,7370,02313510,,,,,,,,0,,,,,,,,,20130117,,,,,1,6,65,55,245.17999,261.50000,250.87000,622229,-0.004682,251.27000,251.28000,454000,1,1,250.87000,,20121231,-0.004682,0.012529,0.008978,0.021872,0.016406,0.007068
84788,20130131,,11,3,7370,02313510,AMZN,AMAZON COM INC,,AMZN,454110,Q,A,R,15473,20733,3,7370,02313510,,,,,,,,0,,,,,,,,,20130221,,,,,1,6,66,55,257.31000,283.98999,265.50000,886216,0.058317,265.50000,265.56000,454551,1,1,265.50000,,20130131,0.058317,0.054145,0.052937,0.063509,0.062680,0.050428
84788,20130228,,11,3,7370,02313510,AMZN,AMAZON COM INC,,AMZN,454110,Q,A,R,15473,20733,3,7370,02313510,,,,,,,,0,,,,,,,,,20130327,,,,,1,6,64,55,257.20999,269.75000,264.26999,721653,-0.004633,264.13000,264.17001,454967,1,1,264.26999,,20130228,-0.004633,0.008340,0.006136,0.003500,0.002060,0.011061
84788,20130328,,11,3,7370,02313510,AMZN,AMAZON COM INC,,AMZN,454110,Q,A,R,15473,20733,3,7370,02313510,,,,,,,,0,,,,,,,,,20130411,,,,,1,6,63,55,253.39000,275.59000,266.48999,622783,0.008401,266.39999,266.48001,455000,1,1,266.48999,,20130328,0.008401,0.035294,0.033528,0.031419,0.029529,0.035988
84788,20130430,,11,3,7370,02313510,AMZN,AMAZON COM INC,,AMZN,454110,Q,A,R,15473,20733,3,7370,02313510,,,,,,,,0,,,,,,,,,20130627,,,,,1,6,63,55,249.74001,274.70001,253.81000,822621,-0.047581,253.78999,253.80000,455243,1,1,253.81000,,20130430,-0.047581,0.014947,0.013770,0.002477,0.001376,0.018086
84788,20130531,,11,3,7370,02313510,AMZN,AMAZON COM INC,,AMZN,454110,Q,A,R,15473,20733,3,7370,02313510,,,,,,,,0,,,,,,,,,,,,,,1,6,64,55,248.23000,269.89999,269.20001,629395,0.060636,269.00000,269.04001,455243,1,1,269.20001,,20130531,0.060636,0.019074,0.016515,0.023985,0.022131,0.020763
84788,20130628,,11,3,7370,02313510,AMZN,AMAZON COM INC,,AMZN,454110,Q,A,R,15473,20733,3,7370,02313510,,,,,,,,0,,,,,,,,,20130711,,,,,1,6,63,55,265.70001,281.76001,277.69000,625412,0.031538,277.69000,277.70001,457000,1,1,277.69000,,20130628,0.031538,-0.015036,-0.017051,-0.013012,-0.015631,-0.014999
84788,20130731,,11,3,7370,02313510,AMZN,AMAZON COM INC,,AMZN,454110,Q,A,R,15473,20733,3,7370,02313510,,,,,,,,0,,,,,,,,,20130929,,,,,1,6,61,55,282.10001,312.01001,301.22000,712775,0.084735,301.26001,301.26999,456884,1,1,301.22000,,20130731,0.084735,0.052717,0.051280,0.054898,0.053720,0.049462
84788,20130830,,11,3,7370,02313510,AMZN,AMAZON COM INC,,AMZN,454110,Q,A,R,15473,20733,3,7370,02313510,,,,,,,,0,,,,,,,,,,,,,,1,6,61,55,280.92999,305.57001,280.98001,463909,-0.067193,280.82999,280.98999,456884,1,1,280.98001,,20130830,-0.067193,-0.025727,-0.027904,-0.017278,-0.019029,-0.031298
84788,20130930,,11,3,7370,02313510,AMZN,AMAZON COM INC,,AMZN,454110,Q,A,R,15473,20733,3,7370,02313510,,,,,,,,0,,,,,,,,,20131010,,,,,1,6,64,55,288.79999,318.12000,312.64001,464037,0.112677,312.63000,312.84000,458000,1,1,312.64001,,20130930,0.112677,0.037470,0.035676,0.051828,0.049754,0.029749
84788,20131031,,11,3,7370,02313510,AMZN,AMAZON COM INC,,AMZN,454110,Q,A,R,15473,20733,3,7370,02313510,,,,,,,,0,,,,,,,,,20131230,,,,,1,6,64,55,298.23001,364.03000,364.03000,823283,0.164374,364.01001,364.04999,457734,1,1,364.03000,,20131031,0.164374,0.039895,0.038608,0.025762,0.024591,0.044596
84788,20131129,,11,3,7370,02313510,AMZN,AMAZON COM INC,,AMZN,454110,Q,A,R,15473,20733,3,7370,02313510,,,,,,,,0,,,,,,,,,,,,,,1,6,62,55,343.56000,393.62000,393.62000,576040,0.081285,393.62000,393.73999,457734,1,1,393.62000,,20131129,0.081285,0.024966,0.022842,0.023398,0.021660,0.028049
84788,20131231,,11,3,7370,02313510,AMZN,AMAZON COM INC,,AMZN,454110,Q,A,R,15473,20733,3,7370,02313510,,,,,,,,0,,,,,,,,,20140114,,,,,1,6,62,55,381.25000,404.39001,398.79001,562732,0.013135,398.28000,398.82999,459000,1,1,398.79001,,20131231,0.013135,0.026140,0.024086,0.025242,0.022010,0.023563
84788,20140131,20191231,11,3,7370,02313510,AMZN,AMAZON COM INC,,AMZN,454113,Q,A,R,15473,20733,3,7370,02313510,,,,,,,,0,,,,,,,,,20140220,,,,,1,6,63,55,358.69000,407.04999,358.69000,811011,-0.100554,358.54001,358.62000,459265,1,1,358.69000,,20140131,-0.100554,-0.029987,-0.031093,-0.001282,-0.002254,-0.035583
84788,20140228,,11,3,7370,02313510,AMZN,AMAZON COM INC,,AMZN,454113,Q,A,R,15473,20733,3,7370,02313510,,,,,,,,0,,,,,,,,,20140330,,,,,1,6,63,55,346.14999,362.10001,362.10001,831240,0.009507,361.91000,362.10001,459894,1,1,362.10001,,20140228,0.009507,0.046186,0.043951,0.044257,0.042687,0.043117
84788,20140331,,11,3,7370,02313510,AMZN,AMAZON COM INC,,AMZN,454113,Q,A,R,15473,20733,3,7370,02313510,,,,,,,,0,,,,,,,,,20140415,,,,,1,6,62,55,336.36499,378.76999,336.36499,753679,-0.071072,336.35999,336.51999,460000,1,1,336.36499,,20140331,-0.071072,0.004501,0.002784,0.001028,-0.001095,0.006932
84788,20140430,,11,3,7370,02313510,AMZN,AMAZON COM INC,,AMZN,454113,Q,A,R,15473,20733,3,7370,02313510,,,,,,,,0,,,,,,,,,20140629,,,,,1,6,62,55,296.57999,342.98999,304.13000,1383566,-0.095833,303.91000,304.16000,460167,1,1,304.13000,,20140430,-0.095833,0.001670,0.000506,-0.022319,-0.023436,0.006201
84788,20140530,,11,3,7370,02313510,AMZN,AMAZON COM INC,,AMZN,454113,Q,A,R,15473,20733,3,7370,02313510,,,,,,,,0,,,,,,,,,,,,,,1,6,62,55,288.32001,313.78000,312.54999,788313,0.027685,312.42999,312.54999,460167,1,1,312.54999,,20140530,0.027685,0.020223,0.018015,0.006647,0.004858,0.021030
84788,20140630,,11,3,7370,02313510,AMZN,AMAZON COM INC,,AMZN,454113,Q,A,R,15473,20733,3,7370,02313510,,,,,,,,0,,,,,,,,,20140715,,,,,1,6,61,55,306.78000,335.20001,324.78000,768726,0.039130,324.78000,324.79001,462000,1,1,324.78000,,20140630,0.039130,0.027961,0.025977,0.039501,0.037053,0.019058
84788,20140731,,11,3,7370,02313510,AMZN,AMAZON COM INC,,AMZN,454113,Q,A,R,15473,20733,3,7370,02313510,,,,,,,,0,,,,,,,,,20140929,,,,,1,6,60,55,312.98999,360.84000,312.98999,994989,-0.036302,312.98999,313.00000,462036,1,1,312.98999,,20140731,-0.036302,-0.020537,-0.021832,-0.035236,-0.036424,-0.015080
84788,20140829,,11,3,7370,02313510,AMZN,AMAZON COM INC,,AMZN,454113,Q,A,R,15473,20733,3,7370,02313510,,,,,,,,,,,,,,,,,,,,,,,,,,307.06000,343.17999,339.04001,620794,0.083230,339.01999,339.04001,462036,1,1,339.04001,,20140829,0.083230,0.040207,0.038204,0.033707,0.032165,0.037655
84788,20140930,,11,3,7370,02313510,AMZN,AMAZON COM INC,,AMZN,454113,Q,A,R,15473,20733,3,7370,02313510,,,,,,,,0,,,,,,,,,20141014,,,,,1,6,60,55,321.82001,346.38000,322.44000,681127,-0.048962,322.44000,322.45001,463000,1,1,322.44000,,20140930,-0.048962,-0.025132,-0.026826,-0.044988,-0.046891,-0.015514
84788,20141031,,11,3,7370,02313510,AMZN,AMAZON COM INC,,AMZN,454113,Q,A,R,15473,20733,3,7370,02313510,,,,,,,,0,,,,,,,,,20141230,,,,,1,6,61,1,287.06000,322.73999,305.45999,1112257,-0.052661,305.45001,305.45999,463006,1,1,305.45999,,20141031,-0.052661,0.021196,0.019948,0.014177,0.012933,0.023201
84788,20141128,,11,3,7370,02313510,AMZN,AMAZON COM INC,,AMZN,454113,Q,A,R,15473,20733,3,7370,02313510,,,,,,,,0,,,,,,,,,,,,,,1,6,62,1,296.51999,338.64001,338.64001,689940,0.108623,338.64001,338.79001,463006,1,1,338.64001,,20141128,0.108623,0.021159,0.018994,-0.002458,-0.004156,0.024534
84788,20141231,,11,3,7370,02313510,AMZN,AMAZON COM INC,,AMZN,454113,Q,A,R,15473,20733,3,7370,02313510,,,,,,,,0,,,,,,,,,20150115,,,,,1,6,61,1,295.06000,326.31000,310.35001,869005,-0.083540,310.35001,310.35999,464384,1,1,310.35001,,20141231,-0.083540,-0.003622,-0.005756,-0.000181,-0.003554,-0.004189
84788,20150130,,11,3,7370,02313510,AMZN,AMAZON COM INC,,AMZN,454113,Q,A,R,15473,20733,3,7370,02313510,,,,,,,,0,,,,,,,,,20150219,,,,,1,6,62,1,286.95001,354.53000,354.53000,1031093,0.142355,354.53000,354.56000,464384,1,1,354.53000,,20150130,0.142355,-0.027201,-0.028273,-0.019077,-0.020098,-0.031041
84788,20150227,,11,3,7370,02313510,AMZN,AMAZON COM INC,,AMZN,454113,Q,A,R,15473,20733,3,7370,02313510,,,,,,,,0,,,,,,,,,20150330,,,,,1,6,59,1,363.54999,385.37000,380.16000,708518,0.072293,380.26001,380.26999,465393,1,1,380.16000,,20150227,0.072293,0.056021,0.053683,0.054161,0.052534,0.054893
84788,20150331,,11,3,7370,02313510,AMZN,AMAZON COM INC,,AMZN,454113,Q,A,R,15473,20733,3,7370,02313510,,,,,,,,0,,,,,,,,,20150414,,,,,1,6,59,1,366.37000,387.82999,372.10001,555089,-0.021202,372.10001,372.12000,466000,1,1,372.10001,,20150331,-0.021202,-0.010453,-0.012270,-0.005110,-0.007202,-0.017396
84788,20150430,,11,3,7370,02313510,AMZN,AMAZON COM INC,,AMZN,454113,Q,A,R,15473,20733,3,7370,02313510,,,,,,,,0,,,,,,,,,20150629,,,,,1,6,60,1,370.25500,445.10001,421.78000,844127,0.133512,421.67999,421.79001,465681,1,1,421.78000,,20150430,0.133512,0.008716,0.007567,0.015129,0.013992,0.008521
84788,20150529,,11,3,7370,02313510,AMZN,AMAZON COM INC,,AMZN,454113,Q,A,R,15473,20733,3,7370,02313510,,,,,,,,0,,,,,,,,,,,,,,1,6,60,1,419.10001,433.69000,429.23001,519909,0.017663,429.23001,429.29001,465681,1,1,429.23001,,20150529,0.017663,0.010345,0.008186,0.003983,0.002334,0.010491
84788,20150630,,11,3,7370,02313510,AMZN,AMAZON COM INC,,AMZN,454113,Q,A,R,15473,20733,3,7370,02313510,,,,,,,,0,,,,,,,,,20150714,,,,,1,6,61,1,423.50000,445.98999,434.09000,550218,0.011323,434.04001,434.39001,468000,1,1,434.09000,,20150630,0.011323,-0.019262,-0.021204,-0.013480,-0.015977,-0.021012
84788,20150731,,11,3,7370,02313510,AMZN,AMAZON COM INC,,AMZN,454113,Q,A,R,15473,20733,3,7370,02313510,,,,,,,,0,,,,,,,,,20150929,,,,,1,6,60,1,429.70001,536.76001,536.15002,1021489,0.235113,536.13000,537.07001,467710,1,1,536.15002,,20150731,0.235113,0.012113,0.010900,-0.027158,-0.028400,0.019742
84788,20150831,,11,3,7370,02313510,AMZN,AMAZON COM INC,,AMZN,454113,Q,A,R,15473,20733,3,7370,02313510,,,,,,,,0,,,,,,,,,,,,,,1,6,61,1,463.37000,537.01001,512.89001,829193,-0.043383,512.69000,512.90002,467710,1,1,512.89001,,20150831,-0.043383,-0.060046,-0.062111,-0.047287,-0.049301,-0.062581
84788,20150930,,11,3,7370,02313510,AMZN,AMAZON COM INC,,AMZN,454113,Q,A,R,15473,20733,3,7370,02313510,,,,,,,,0,,,,,,,,,20151013,,,,,1,6,61,1,496.07001,548.39001,511.89001,767961,-0.001950,511.50000,511.75000,469000,1,1,511.89001,,20150930,-0.001950,-0.033769,-0.035704,-0.049928,-0.052224,-0.026443
84788,20151030,,11,3,7370,02313510,AMZN,AMAZON COM INC,,AMZN,454113,Q,A,R,15473,20733,3,7370,02313510,,,,,,,,0,,,,,,,,,20151230,,,,,1,6,60,1,520.71997,626.54999,625.90002,972463,0.222724,625.89001,626.21997,468762,1,1,625.90002,,20151030,0.222724,0.074022,0.072627,0.052880,0.051521,0.082983
84788,20151130,,11,3,7370,02313510,AMZN,AMAZON COM INC,,AMZN,454113,Q,A,R,15473,20733,3,7370,02313510,,,,,,,,0,,,,,,,,,,,,,,1,6,58,1,625.31000,678.98999,664.79999,873058,0.062150,664.69000,665.28998,468762,1,1,664.79999,,20151130,0.062150,0.002449,0.000183,0.007340,0.005441,0.000505
84788,20151231,,11,3,7370,02313510,AMZN,AMAZON COM INC,,AMZN,454113,Q,A,R,15473,20733,3,7370,02313510,,,,,,,,0,,,,,,,,,20160119,,,,,1,6,59,1,640.15002,693.96997,675.89001,902288,0.016682,675.85999,675.94000,471000,1,1,675.89001,,20151231,0.016682,-0.022288,-0.024527,-0.035903,-0.039479,-0.017530
84788,20160129,,11,3,7370,02313510,AMZN,AMAZON COM INC,,AMZN,454113,Q,A,R,15473,20733,3,7370,02313510,,,,,,,,0,,,,,,,,,20160216,,,,,1,6,60,1,570.17999,636.98999,587.00000,1302119,-0.131516,585.35999,585.65002,470842,1,1,587.00000,,20160129,-0.131516,-0.057094,-0.058264,-0.074949,-0.076172,-0.050735
84788,20160229,,11,3,7370,02313510,AMZN,AMAZON COM INC,,AMZN,454113,Q,A,R,15473,20733,3,7370,02313510,,,,,,,,0,,,,,,,,,20160330,,,,,1,6,61,1,482.07001,574.81000,552.52002,1242930,-0.058739,552.51001,552.89001,470899,1,1,552.52002,,20160229,-0.058739,0.000687,-0.001735,0.005587,0.003658,-0.004128
84788,20160331,,11,3,7370,02313510,AMZN,AMAZON COM INC,,AMZN,454113,Q,A,R,15473,20733,3,7370,02313510,,,,,,,,0,,,,,,,,,20160419,,,,,1,6,61,1,552.08002,598.69000,593.64001,940262,0.074423,593.65997,593.90997,472000,1,1,593.64001,,20160331,0.074423,0.070517,0.068145,0.078180,0.075536,0.065991
84788,20160429,,11,3,7370,02313510,AMZN,AMAZON COM INC,,AMZN,454113,Q,A,R,15473,20733,3,7370,02313510,,,,,,,,0,,,,,,,,,20160629,,,,,1,6,62,1,586.14001,659.59003,659.59003,784958,0.111094,659.59003,659.62000,471828,1,1,659.59003,,20160429,0.111094,0.011817,0.010582,0.039878,0.038643,0.002699
84788,20160531,,11,3,7370,02313510,AMZN,AMAZON COM INC,,AMZN,454113,Q,A,R,15473,20733,3,7370,02313510,,,,,,,,0,,,,,,,,,,,,,,1,6,62,1,659.09003,722.78998,722.78998,906270,0.095817,722.78003,722.78998,471828,1,1,722.78998,,20160531,0.095817,0.014316,0.011905,-0.000625,-0.002410,0.015329
84788,20160630,,11,3,7370,02313510,AMZN,AMAZON COM INC,,AMZN,454113,Q,A,R,15473,20733,3,7370,02313510,,,,,,,,0,,,,,,,,,20160719,,,,,1,6,61,1,691.35999,728.23999,715.62000,746082,-0.009920,715.62000,715.96997,474000,1,1,715.62000,,20160630,-0.009920,0.003110,0.001037,0.005826,0.003017,0.000906
84788,20160729,,11,3,7370,02313510,AMZN,AMAZON COM INC,,AMZN,454113,Q,A,R,15473,20733,3,7370,02313510,,,,,,,,0,,,,,,,,,20160929,,,,,1,6,61,1,725.67999,758.81000,758.81000,686568,0.060353,758.66998,759.22998,474074,1,1,758.81000,,20160729,0.060353,0.038775,0.037528,0.049896,0.048770,0.035610
84788,20160831,,11,3,7370,02313510,AMZN,AMAZON COM INC,,AMZN,454113,Q,A,R,15473,20733,3,7370,02313510,,,,,,,,0,,,,,,,,,,,,,,1,6,61,1,754.64001,772.56000,769.15997,500139,0.013640,768.96997,769.17999,474074,1,1,769.15997,,20160831,0.013640,0.002789,0.000453,0.013063,0.011285,-0.001219
84788,20160930,,11,3,7370,02313510,AMZN,AMAZON COM INC,,AMZN,454113,Q,A,R,15473,20733,3,7370,02313510,,,,,,,,0,,,,,,,,,20161018,,,,,1,6,62,1,760.14001,837.31000,837.31000,673657,0.088603,837.12000,837.29999,475000,1,1,837.31000,,20160930,0.088603,0.003017,0.001240,0.015381,0.013400,-0.001234
84788,20161031,,11,3,7370,02313510,AMZN,AMAZON COM INC,,AMZN,454113,Q,A,R,15473,20733,3,7370,02313510,,,,,,,,0,,,,,,,,,20161229,,,,,1,6,63,1,776.32001,844.35999,789.82001,770705,-0.056717,789.79999,789.90997,475167,1,1,789.82001,,20161031,-0.056717,-0.021594,-0.022839,-0.039942,-0.041024,-0.019426
84788,20161130,,11,3,7370,02313510,AMZN,AMAZON COM INC,,AMZN,454113,Q,A,R,15473,20733,3,7370,02313510,,,,,,,,0,,,,,,,,,,,,,,1,6,63,1,719.07001,787.75000,750.57001,1100918,-0.049695,750.57001,750.75000,475167,1,1,750.57001,,20161130,-0.049695,0.040491,0.038046,0.050511,0.048697,0.034174
84788,20161230,,11,3,7370,02313510,AMZN,AMAZON COM INC,,AMZN,454113,Q,A,R,15473,20733,3,7370,02313510,,,,,,,,0,,,,,,,,,20170124,,,,,1,6,63,1,740.34003,774.34003,749.87000,736693,-0.000933,750.02002,750.40002,477000,1,1,749.87000,,20161230,-0.000933,0.018792,0.016652,0.015881,0.012400,0.018201
84788,20170131,,11,3,7370,02313510,AMZN,AMAZON COM INC,,AMZN,454113,Q,A,R,15473,20733,3,7370,02313510,,,,,,,,0,,,,,,,,,20170216,,,,,1,6,64,1,753.66998,839.15002,823.47998,707189,0.098164,823.23999,823.29999,477171,1,1,823.47998,,20170131,0.098164,0.022190,0.021166,0.025942,0.025086,0.017884
84788,20170228,,11,3,7370,02313510,AMZN,AMAZON COM INC,,AMZN,454113,Q,A,R,15473,20733,3,7370,02313510,,,,,,,,0,,,,,,,,,20170330,,,,,1,6,61,1,807.64001,856.44000,845.03998,717536,0.026182,844.87000,845.03998,477615,1,1,845.03998,,20170228,0.026182,0.032664,0.030563,0.017117,0.015543,0.037198
84788,20170331,,11,3,7370,02313510,AMZN,AMAZON COM INC,,AMZN,454113,Q,A,R,15473,20733,3,7370,02313510,,,,,,,,0,,,,,,,,,20170417,,,,,1,6,62,1,843.20001,886.53998,886.53998,607266,0.049110,886.53998,887.08002,478000,1,1,886.53998,,20170331,0.049110,0.002092,0.000220,0.006410,0.004425,-0.000389
84788,20170428,,11,3,7370,02313510,AMZN,AMAZON COM INC,,AMZN,454113,Q,A,R,15473,20733,3,7370,02313510,,,,,,,,0,,,,,,,,,20170629,,,,,1,6,62,1,884.66998,924.98999,924.98999,735435,0.043371,925.00000,925.01001,477975,1,1,924.98999,,20170428,0.043371,0.009615,0.008496,0.003691,0.002694,0.009091
84788,20170531,,11,3,7370,02313510,AMZN,AMAZON COM INC,,AMZN,454113,Q,A,R,15473,20733,3,7370,02313510,,,,,,,,0,,,,,,,,,,,,,,1,6,61,1,934.15002,996.70001,994.62000,762487,0.075276,994.62000,995.01001,477975,1,1,994.62000,,20170531,0.075276,0.009335,0.006989,-0.011327,-0.013018,0.011576
84788,20170630,,11,3,7370,02313510,AMZN,AMAZON COM INC,,AMZN,454113,Q,A,R,15473,20733,3,7370,02313510,,,,,,,,0,,,,,,,,,20170717,,,,,1,6,61,1,964.16998,1011.34003,968.00000,961813,-0.026764,967.62000,968.01001,480000,1,1,968.00000,,20170630,-0.026764,0.009470,0.007586,0.022941,0.020472,0.004814
84788,20170731,,11,3,7370,02313510,AMZN,AMAZON COM INC,,AMZN,454113,Q,A,R,15473,20733,3,7370,02313510,,,,,,,,0,,,,,,,,,20170928,,,,,1,6,62,1,953.65997,1052.80005,987.78003,788729,0.020434,987.50000,987.81000,480380,1,1,987.78003,,20170731,0.020434,0.020329,0.018945,0.009089,0.008033,0.019349
84788,20170831,,11,3,7370,02313510,AMZN,AMAZON COM INC,,AMZN,454113,Q,A,R,15473,20733,3,7370,02313510,,,,,,,,0,,,,,,,,,,,,,,1,6,63,1,945.26001,996.19000,980.59998,774232,-0.007269,980.37000,980.66998,480380,1,1,980.59998,,20170831,-0.007269,0.001589,-0.000647,-0.008740,-0.010304,0.000546
84788,20170929,,11,3,7370,02313510,AMZN,AMAZON COM INC,,AMZN,454113,Q,A,R,15473,20733,3,7370,02313510,,,,,,,,0,,,,,,,,,20171017,,,,,1,6,64,1,938.59998,999.59998,961.34998,594091,-0.019631,960.48999,960.96997,482000,1,1,961.34998,,20170929,-0.019631,0.023733,0.022128,0.046756,0.044722,0.019303
84788,20171031,,11,3,7370,02313510,AMZN,AMAZON COM INC,,AMZN,454113,Q,A,R,15473,20733,3,7370,02313510,,,,,,,,0,,,,,,,,,20180123,,,,,1,6,63,1,957.09998,1110.84998,1105.28003,833449,0.149717,1105.28003,1105.46997,481872,1,1,1105.28003,,20171031,0.149717,0.019282,0.018180,0.002217,0.001202,0.022188
84788,20171130,,11,3,7370,02313510,AMZN,AMAZON COM INC,,AMZN,454113,Q,A,R,15473,20733,3,7370,02313510,,,,,,,,0,,,,,,,,,,,,,,1,6,63,1,1094.21997,1195.82996,1176.75000,771775,0.064662,1176.57996,1176.58997,481872,1,1,1176.75000,,20171130,0.064662,0.027309,0.024984,0.020848,0.019008,0.028083
84788,20171229,,11,3,7370,02313510,AMZN,AMAZON COM INC,,AMZN,454113,Q,A,R,15473,20733,3,7370,02313510,,,,,,,,0,,,,,,,,,,,,,,1,6,62,1,1133.94995,1190.57996,1169.46997,580139,-0.006187,1169.46997,1169.54004,481872,1,1,1169.46997,,20171229,-0.006187,0.012173,0.010316,0.014234,0.011158,0.009832
84788,20180131,,11,3,7370,02313510,AMZN,AMAZON COM INC,,AMZN,454113,Q,A,R,15473,20733,3,7370,02313510,,,,,,,,0,,,,,,,,,20180219,,,,,1,6,62,1,1189.01001,1450.89001,1450.89001,964245,0.240639,1451.54004,1451.75000,484107,1,1,1450.89001,,20180131,0.240639,0.050657,0.049703,0.029440,0.028639,0.056179
84788,20180228,,11,3,7370,02313510,AMZN,AMAZON COM INC,,AMZN,454113,Q,A,R,15473,20733,3,7370,02313510,,,,,,,,0,,,,,,,,,20180328,,,,,1,6,61,1,1339.59998,1521.94995,1512.44995,1379892,0.042429,1512.44995,1512.95996,484608,1,1,1512.44995,,20180228,0.042429,-0.039464,-0.041331,-0.040040,-0.041481,-0.038947
84788,20180329,,11,3,7370,02313510,AMZN,AMAZON COM INC,,AMZN,454113,Q,A,R,15473,20733,3,7370,02313510,,,,,,,,0,,,,,,,,,20180417,,,,,1,6,61,1,1431.42004,1598.39001,1447.33997,1303999,-0.043049,1444.01001,1445.95996,485000,1,1,1447.33997,,20180329,-0.043049,-0.018434,-0.020303,0.001183,-0.001111,-0.026885
84788,20180430,,11,3,7370,02313510,AMZN,AMAZON COM INC,,AMZN,454113,Q,A,R,15473,20733,3,7370,02313510,,,,,,,,0,,,,,,,,,20180628,,,,,1,6,62,1,1371.98999,1572.62000,1566.13000,1301856,0.082075,1566.00000,1566.56006,485227,1,1,1566.13000,,20180430,0.082075,0.004769,0.003660,0.008205,0.007083,0.002719
84788,20180531,,11,3,7370,02313510,AMZN,AMAZON COM INC,,AMZN,454113,Q,A,R,15473,20733,3,7370,02313510,,,,,,,,,,,,,,,,,,,,,,,,,,1569.68005,1629.62000,1629.62000,716445,0.040539,1629.67004,1630.14001,485227,1,1,1629.62000,,20180531,0.040539,0.026169,0.023877,0.034612,0.032912,0.021608
84788,20180629,,11,3,7370,02313510,AMZN,AMAZON COM INC,,AMZN,454113,Q,A,R,15473,20733,3,7370,02313510,,,,,,,,0,,,,,,,,,20180717,,,,,1,6,62,1,1641.54004,1750.07996,1699.80005,860218,0.043065,1698.81995,1699.67004,487000,1,1,1699.80005,,20180629,0.043065,0.005335,0.003550,0.002815,0.000065,0.004842
84788,20180731,,11,3,7370,02313510,AMZN,AMAZON COM INC,,AMZN,454113,Q,A,R,15473,20733,3,7370,02313510,,,,,,,,0,,,,,,,,,20180927,,,,,1,6,62,1,1693.95996,1863.60999,1777.43994,974984,0.045676,1777.43994,1777.87000,487741,1,1,1777.43994,,20180731,0.045676,0.031603,0.030466,0.006800,0.005761,0.036022
84788,20180831,,11,3,7370,02313510,AMZN,AMAZON COM INC,,AMZN,454113,Q,A,R,15473,20733,3,7370,02313510,,,,,,,,0,,,,,,,,,,,,,,1,6,60,1,1797.17004,2012.70996,2012.70996,965718,0.132365,2013.00000,2014.72998,487741,1,1,2012.70996,,20180831,0.132365,0.030221,0.027755,0.019158,0.017220,0.030263
84788,20180928,,11,3,7370,02313510,AMZN,AMAZON COM INC,,AMZN,454113,Q,A,R,15473,20733,3,7370,02313510,,,,,,,,0,,,,,,,,,20181016,,,,,1,6,61,1,1908.03003,2039.51001,2003.00000,949442,-0.004824,2002.55005,2002.83997,484000,1,1,2003.00000,,20180928,-0.004824,0.000446,-0.001189,-0.010314,-0.012381,0.004294
84788,20181031,,11,3,7370,02313510,AMZN,AMAZON COM INC,,AMZN,454113,Q,A,R,15473,20733,3,7370,02313510,,,,,,,,0,,,,,,,,,20190122,,,,,1,6,62,1,1530.42004,2004.35999,1598.01001,1833406,-0.202192,1597.82996,1599.18994,488969,1,1,1598.01001,,20181031,-0.202192,-0.074032,-0.075100,-0.082433,-0.083411,-0.069403
84788,20181130,,11,3,7370,02313510,AMZN,AMAZON COM INC,,AMZN,454113,Q,A,R,15473,20733,3,7370,02313510,,,,,,,,0,,,,,,,,,,,,,,1,6,61,1,1495.45996,1755.48999,1690.17004,1393304,0.057672,1693.15002,1693.18994,488969,1,1,1690.17004,,20181130,0.057672,0.018535,0.016198,0.000576,-0.001232,0.017859
84788,20181231,,11,3,7370,02313510,AMZN,AMAZON COM INC,,AMZN,454113,Q,A,R,15473,20733,3,7370,02313510,,,,,,,,0,,,,,,,,,,,,,,1,6,60,1,1343.95996,1772.35999,1501.96997,1547997,-0.111350,1503.39001,1504.41003,488969,1,1,1501.96997,,20181231,-0.111350,-0.089807,-0.092043,-0.099310,-0.102864,-0.091777
84788,20190131,,11,3,7370,02313510,AMZN,AMAZON COM INC,,AMZN,454113,Q,A,R,15473,20733,3,7370,02313510,,,,,,,,0,,,,,,,,,20190224,,,,,1,6,61,1,1500.28003,1718.72998,1718.72998,1340426,0.144317,1718.73999,1719.76001,491203,1,1,1718.72998,,20190131,0.144317,0.088276,0.087048,0.120268,0.119346,0.078684
84788,20190228,,11,3,7370,02313510,AMZN,AMAZON COM INC,,AMZN,454113,Q,A,R,15473,20733,3,7370,02313510,,,,,,,,0,,,,,,,,,20190328,,,,,1,6,61,1,1588.21997,1658.81006,1639.82996,809418,-0.045906,1639.79004,1640.20996,491760,1,1,1639.82996,,20190228,-0.045906,0.032716,0.030660,0.038566,0.037059,0.029729
84788,20190329,,11,3,7370,02313510,AMZN,AMAZON COM INC,,AMZN,454113,Q,A,R,15473,20733,3,7370,02313510,,,,,,,,0,,,,,,,,,20190416,,,,,1,6,62,1,1620.80005,1819.26001,1780.75000,1008380,0.085936,1780.87000,1781.19995,492000,1,1,1780.75000,,20190329,0.085936,0.012978,0.011155,-0.003896,-0.006074,0.017924
84788,20190430,,11,3,7370,02313510,AMZN,AMAZON COM INC,,AMZN,454113,Q,A,R,15473,20733,3,7370,02313510,,,,,,,,0,,,,,,,,,20190627,,,,,1,6,62,1,1813.97998,1950.63000,1926.52002,813030,0.081859,1926.51001,1926.80005,492332,1,1,1926.52002,,20190430,0.081859,0.037882,0.036688,0.020323,0.019130,0.039313
84788,20190531,,11,3,7370,02313510,AMZN,AMAZON COM INC,,AMZN,454113,Q,A,R,15473,20733,3,7370,02313510,,,,,,,,0,,,,,,,,,,,,,,1,6,63,1,1775.06995,1962.45996,1775.06995,982070,-0.078613,1774.66003,1775.06995,492332,1,1,1775.06995,,20190531,-0.078613,-0.061653,-0.063869,-0.064571,-0.066402,-0.065778
84788,20190628,,11,3,7370,02313510,AMZN,AMAZON COM INC,,AMZN,454113,Q,A,R,15473,20733,3,7370,02313510,,,,,,,,0,,,,,,,,,20190716,,,,,1,6,62,1,1692.68994,1918.18994,1893.63000,747629,0.066792,1889.75000,1890.33997,494000,1,1,1893.63000,,20190628,0.066792,0.067271,0.065273,0.049002,0.046094,0.068930
84788,20190731,,11,3,7370,02313510,AMZN,AMAZON COM INC,,AMZN,454113,Q,A,R,15473,20733,3,7370,02313510,,,,,,,,0,,,,,,,,,20190929,,,,,1,6,62,1,1866.78003,2020.98999,1866.78003,731945,-0.014179,1866.38000,1866.73999,494656,1,1,1866.78003,,20190731,-0.014179,0.011882,0.010728,-0.005245,-0.006280,0.013128
84788,20190830,,11,3,7370,02313510,AMZN,AMAZON COM INC,,AMZN,454113,Q,A,R,15473,20733,3,7370,02313510,,,,,,,,,,,,,,,,,,,,,,,,,,1749.62000,1855.31995,1776.29004,799855,-0.048474,1776.18005,1776.30005,494656,1,1,1776.29004,,20190830,-0.048474,-0.020271,-0.022301,-0.040001,-0.041599,-0.018092
84788,20190930,,11,3,7370,02313510,AMZN,AMAZON COM INC,,AMZN,454113,Q,A,R,15473,20733,3,7370,02313510,,,,,,,,0,,,,,,,,,20191015,,,,,1,6,62,1,1725.44995,1843.55005,1735.91003,619954,-0.022733,1735.56006,1736.10999,495000,1,1,1735.91003,,20190930,-0.022733,0.016024,0.014162,0.017680,0.015359,0.017181
84788,20191031,,11,3,7370,02313510,AMZN,AMAZON COM INC,,AMZN,454113,Q,A,R,15473,20733,3,7370,02313510,,,,,,,,0,,,,,,,,,20191231,,,,,1,6,62,1,1705.51001,1787.47998,1776.66003,721622,0.023475,1776.82996,1777.37000,495797,1,1,1776.66003,,20191031,0.023475,0.019265,0.018094,0.006291,0.005261,0.020432
84788,20191129,,11,3,7370,02313510,AMZN,AMAZON COM INC,,AMZN,454113,Q,A,R,15473,20733,3,7370,02313510,,,,,,,,,,,,,,,,,,,,,,,,,,1734.70996,1818.51001,1800.80005,520498,0.013587,1800.95996,1800.96997,495797,1,1,1800.80005,,20191129,0.013587,0.034971,0.032961,0.026624,0.024961,0.034047
84788,20191231,,11,3,7370,02313510,AMZN,AMAZON COM INC,,AMZN,454113,Q,A,R,15473,20733,3,7370,02313510,,0.00000,,100,,,,0,,,,,,,,,,0,A,0.00000,A,1,6,61,1,1739.20996,1869.80005,1847.83997,687587,0.026122,1846.90002,1847.62000,495797,1,1,1847.83997,,20191231,0.026122,0.028448,0.026200,0.044379,0.040641,0.028590
